﻿Designator,Footprint,Quantity,Value,LCSC Part #
AE1,SMA_Amphenol_132289_EdgeMount,1,Antenna_Shield,-
"C1, C4",0603,2,10µF X5R 25V,
"C10, C9",0603,2,4.7µF,CC0603KRX5R6BB475
"C2, C3, C7, C8",0603,4,100nF,CC0603KRX7R9BB104
"C5, C6",0603,2,22µ,C2762594
D1,LEDC2012X80N,1,HSMG-C170,HSMG-C170
D2,LEDC2012X80N,1,HSMB-C170,HSMB-C170
D3,SP0503BAHTG,1,SP0503BAHTG,SP0503BAHTG
D4,LEDC2012X80N,1,HSMS-C170,HSMS-C170
"FID1, FID2, FID3, FID4, FID5, FID6",Fiducial_1mm_Mask2mm,6,Fiducial,-
J1,1051620001,1,~,105162-0001
J2,Amphenol_ICC-10118194-0001LF-MFG,1,10118194-0001LF, 10118194-0001LF
J3,PinHeader_1x06_P1.27mm_Vertical_SMD_Pin1Left,1,Conn_01x06_Socket,
J4,PinHeader_1x02_P1.27mm_Vertical_SMD_Pin1Left,1,Conn_01x02_Pin,
L1,1008,1,2µ2,C315713
"Q1, Q2",SOT-563,2,DMN63D8LV-7,DMN63D8LV-7
"R1, R9",0603,2,2K2,RC0603FR-072K2L
"R10, R2, R3, R4, R5, R6, R7, R8",0603,8,10K,RC0603FR-0710KL
R11,0402,1,450K,FRC0402F4503TS
R12,0603,1,100K,RC0603FR-07100KL
"R13, R14, R15, R17, R18, R21",0603,6,1K,RC0603FR-071KL
R16,0603,1,4K7,RC0603JR-074K7L
R19,0603,1,22K6,RC0603FR-0722K6L
R20,0603,1,47K,RC0603FR-0747KL
"S1, S2, S3",SKRKAEE020,3,SKRKAEE020,SKRKAEE020
SW1,SW_SPDT_PCM12,1,SW_DIP_x01,PCM12SMTR
U1,QFN-48-1EP_7x7mm_P0.5mm_EP5.3x5.3mm,1,ESP32-PICO-D4,ESP32-PICO-D4
U2,SOT-23-6,1,MT3420C-mt3420c,C181741
U3,QFN-28-1EP_5x5mm_P0.5mm_EP3.35x3.35mm,1,CP2102N-Axx-xQFN28,CP2102N-A02-GQFN28R
